,positive_rate
No_Beard,0.8349399552811219
Young,0.773616849046639
Attractive,0.51250499755675
Mouth_Slightly_Open,0.48342785502396357
Smiling,0.48208036564839907
Wearing_Lipstick,0.47243569810314956
High_Cheekbones,0.45503186096673726
Male,0.41675427815537097
Heavy_Makeup,0.38692194926924617
Wavy_Hair,0.3195672239250934
Oval_Face,0.28414256733744986
Pointy_Nose,0.27744460732777554
Arched_Eyebrows,0.26698058726844653
Big_Lips,0.24079585782753124
Black_Hair,0.23925093411122464
Big_Nose,0.23453225336748948
Straight_Hair,0.20840181837027824
Brown_Hair,0.2051935103332198
Bags_Under_Eyes,0.20457159215988233
Wearing_Earrings,0.1889249206560743
Bangs,0.15157527924619568
Blond_Hair,0.14799184596172735
Bushy_Eyebrows,0.14216753290983666
Wearing_Necklace,0.12296704327267163
Narrow_Eyes,0.11514864337928618
5_o_Clock_Shadow,0.11113579040370387
Receding_Hairline,0.07977828123534667
Wearing_Necktie,0.07271506769529958
Rosy_Cheeks,0.06572095617451221
Eyeglasses,0.06511878143524893
Goatee,0.06276437692189991
Chubby,0.05756691790186526
Sideburns,0.05651064417889526
Blurry,0.05089857304330229
Wearing_Hat,0.04846025893513788
Double_Chin,0.046688285726977925
Pale_Skin,0.04294690496991594
Gray_Hair,0.041949861549168556
Mustache,0.04154512115064734
Bald,0.022443348683853327
