,5_o_Clock_Shadow,Arched_Eyebrows,Attractive,Bags_Under_Eyes,Bald,Bangs,Big_Lips,Big_Nose,Black_Hair,Blond_Hair,Blurry,Brown_Hair,Bushy_Eyebrows,Chubby,Double_Chin,Eyeglasses,Goatee,Gray_Hair,Heavy_Makeup,High_Cheekbones,Male,Mouth_Slightly_Open,Mustache,Narrow_Eyes,No_Beard,Oval_Face,Pale_Skin,Pointy_Nose,Receding_Hairline,Rosy_Cheeks,Sideburns,Smiling,Straight_Hair,Wavy_Hair,Wearing_Earrings,Wearing_Hat,Wearing_Lipstick,Wearing_Necklace,Wearing_Necktie,Young
5_o_Clock_Shadow,1.0,-0.15858749998106123,-0.062414590264667204,0.16848786183611472,0.005583801108756222,-0.08924285102562768,-0.04369919382693152,0.15200988672428223,0.10060376746453817,-0.1326860303862255,-0.03336996837268064,-0.012293652826362996,0.21796443211799044,-0.010260168665307557,0.002811279364513259,0.0073059007306256925,0.14386046163373475,-0.0438320888498035,-0.2805848833839102,-0.16053575702337164,0.4176698187096008,-0.0664926968292501,0.09212331966379221,0.011281904004446605,-0.5269455394306891,-0.08533679549093062,-0.04027923001155963,-0.024304779055487547,-0.022273374489259163,-0.09010690207065199,0.2593703036700353,-0.06777677605421276,0.05226018966312217,-0.12425022011690957,-0.161910908926699,0.03399711771863623,-0.3339210398015791,-0.11623895483535326,0.09789901765586655,0.014869441063654417
Arched_Eyebrows,-0.15858749998106123,1.0,0.250599047769725,-0.09194734021932763,-0.06952380771910979,-0.027774941073813113,0.2433995107964715,-0.08402465121539335,-0.0009959763766344283,0.12700875784915447,-0.07594824389833181,0.017850111815830325,-0.01804639836446836,-0.08942313790549229,-0.07813269160745986,-0.1489229926558585,-0.11279538367018818,-0.09918134923826509,0.43964488619771175,0.156242317277101,-0.40801553757219194,0.06692319414235604,-0.08634077804788755,0.024174735859592143,0.20272381632875178,-0.01344004118236533,0.04771459315087554,0.153056830437381,-0.016768415533913575,0.22442244489046842,-0.11600114654252977,0.09383362144743763,-0.05448590729764784,0.2008353336284324,0.2947790712129952,-0.09997984957268573,0.46040855202104114,0.2201839024023903,-0.13282123686441905,0.14679843223146666
Attractive,-0.062414590264667204,0.250599047769725,1.0,-0.17846361692296486,-0.1458257036921399,0.05971232050805295,0.06255248787281405,-0.2770636012955792,0.004139890126015137,0.15477359617098582,-0.1809687914392617,0.1320692368263602,0.04228251734103856,-0.23687671161269186,-0.2089814151368302,-0.2227007500666048,-0.1466129449186826,-0.20179565984610545,0.4770835687773381,0.14909515200844037,-0.3944512265098151,0.0214645230517126,-0.14018181000420146,-0.07388222680354105,0.1976553171620699,0.1939386764039467,0.08605100616657921,0.22829221676473174,-0.17867676005129213,0.16386681207680878,-0.10022852596089421,0.14784477617433023,0.04155000104384774,0.21499212447114519,0.12434944077176152,-0.13863631500080756,0.48010422546541015,0.06873777026680906,-0.15641992739686542,0.3877350707563322
Bags_Under_Eyes,0.16848786183611472,-0.09194734021932763,-0.17846361692296486,1.0,0.11621469832065288,-0.05756816508721546,-0.005981831696593843,0.36160444201256764,0.0026674845844659916,-0.10687947657348362,-0.032764838081166654,-0.046492166547245306,0.10706615949236709,0.15728646857906284,0.19620703721298108,-0.04239650633339961,0.09543404239610188,0.1716519979441225,-0.2933191844909645,0.07287314220540084,0.3010769570877744,0.058761395650526856,0.10995202062159168,0.10685564718921123,-0.1465388129329115,-0.13591230194726764,-0.03289152811461896,-0.11398632618325923,0.11703174889758422,-0.09396336065164163,0.10041138363664533,0.11275859483856161,0.024208312177058364,-0.12712767603808545,-0.09696871676533138,-0.005725713428230399,-0.28405193921052035,-0.052964101877451715,0.19698042700617815,-0.23075939034058682
Bald,0.005583801108756222,-0.06952380771910979,-0.1458257036921399,0.11621469832065288,1.0,-0.06404428659593756,-0.0035772156453130546,0.18014780898638094,-0.08036418842683365,-0.06305565044179082,-0.009314518082595319,-0.07674061872652899,-0.020175528485072185,0.22364681166050954,0.21287389260979211,0.10938318969767837,0.1152198047235224,0.15130424336326434,-0.12023548965576301,-0.0022772030682977167,0.1781007415075816,-0.00047654876858896236,0.0796721091954661,0.012362467344414306,-0.11565762840283418,0.010787740398763873,-0.023221664202734336,-0.05563639622265057,0.14023573906527706,-0.0373630041410099,0.05859892106083492,0.009401914166033969,-0.07191968011754721,-0.10348189791869793,-0.06121062011643183,-0.030624997368129615,-0.14285193735877288,-0.050444817788954745,0.17650090510936606,-0.19625270491211236
Bangs,-0.08924285102562768,-0.027774941073813113,0.05971232050805295,-0.05756816508721546,-0.06404428659593756,1.0,0.03487601844106172,-0.0693951938754878,-0.03355777758626062,0.09885428343950499,-0.009083084316067622,0.06945000028105151,-0.07255249986960617,-0.0841367926913446,-0.06953060371596462,-0.05900467478624492,-0.08560248531055147,-0.06160135641689082,0.12041628828499806,0.052969708564710026,-0.16326434949677718,0.009486179240122322,-0.06744505169908363,0.013017897367207699,0.1324292453135895,0.0016255850781785952,0.04216963547865838,0.010973112949963885,-0.12424930616548734,0.060976854124866586,-0.07334143189902223,0.05246853926262711,0.020033864510074814,0.06816621721224171,0.05820290062362953,-0.0799392042461276,0.16337756134800155,0.11445380497110068,-0.09291946549083883,0.01769453971564748
Big_Lips,-0.04369919382693152,0.2433995107964715,0.06255248787281405,-0.005981831696593843,-0.0035772156453130546,0.03487601844106172,1.0,0.07681433022995661,0.06719131475921435,0.023674424474056616,-0.037085824688819,-0.015360880132011099,0.020804364866793868,0.007810837738474646,-0.00955873900519188,-0.05052180166154846,0.019088221262379936,-0.08819081029887951,0.14655123532784559,0.04516497181296316,-0.1674720395237183,0.0489731149869503,0.031483903188369126,0.1135767566397282,0.022776701639420704,-0.11226276581631717,0.03933683773459772,0.052645612637446375,0.02096283645887843,0.07676689963652455,-0.03973949623257291,0.012884748245434455,-0.0371443171015181,0.12018952938379245,0.12652349854965947,-0.01328570512752863,0.1952121091986248,0.14989224466885828,-0.06777044674977575,0.10772246583593864
Big_Nose,0.15200988672428223,-0.08402465121539335,-0.2770636012955792,0.36160444201256764,0.18014780898638094,-0.0693951938754878,0.07681433022995661,1.0,0.08109063566207977,-0.1583225457909192,-0.037710446692975186,-0.13321005746707107,0.14116216571612444,0.3143166122482133,0.29842612048034883,0.13955455275365475,0.19417225435138877,0.19575021874006354,-0.2784791437742603,0.0587570964029984,0.36927469871924296,0.05940751684113435,0.20788206303581439,0.07016518378546792,-0.25379956820654465,-0.1059093032765402,-0.05117742938211641,-0.1586333781437302,0.20242743995506418,-0.055323450791570396,0.13166739901007793,0.10088835873941163,-0.02883650926432045,-0.1318430091013044,-0.05802935495773906,0.06555243307058609,-0.3036510872469489,-0.03593048546476728,0.20501379479256399,-0.28438154925518055
Black_Hair,0.10060376746453817,-0.0009959763766344283,0.004139890126015137,0.0026674845844659916,-0.08036418842683365,-0.03355777758626062,0.06719131475921435,0.08109063566207977,1.0,-0.2336261551618262,-0.03796077330472846,-0.2523977367771423,0.257973930983276,0.009766142544067099,-0.027752893372434195,-0.016150811148786266,0.05899202429464788,-0.11677131577623646,-0.049240211922221284,0.008496273514948386,0.1162788170742809,-0.023168304098564893,0.06384771135335049,-0.010999878414752142,-0.09867479109589612,0.031887418976373844,-0.03867524217675718,-0.0466228692854789,-5.486096733598079e-07,-0.03980921324899191,0.0432314452145257,-0.0025330253171078243,0.1124960625234078,-0.08522678004421046,0.0023476393995867924,-0.1036049172266748,-0.06685553264567878,-0.04253878354658822,0.02318442295268755,0.12137208839694329
Blond_Hair,-0.1326860303862255,0.12700875784915447,0.15477359617098582,-0.10687947657348362,-0.06305565044179082,0.09885428343950499,0.023674424474056616,-0.1583225457909192,-0.2336261551618262,1.0,-0.010504159570961537,-0.1697697867770872,-0.15012297408060687,-0.08981627144776555,-0.07674892913448508,-0.0808687250906201,-0.10252229726738869,-0.05171003747652034,0.24663946352153865,0.12080380691263183,-0.3029876459425974,0.07010630574642382,-0.08572543731093554,-0.001415351899123571,0.17066607748582557,0.04994636208806263,0.0581633211692096,0.11543879704644333,-0.07043709365819456,0.14155754918450647,-0.09603877940090781,0.09020884003576647,0.005458176324219887,0.12839999745625233,0.09500487891265942,-0.08337311952169445,0.28193507378988053,0.14357723573712233,-0.10637710654703979,0.05240183411339013
Blurry,-0.03336996837268064,-0.07594824389833181,-0.1809687914392617,-0.032764838081166654,-0.009314518082595319,-0.009083084316067622,-0.037085824688819,-0.037710446692975186,-0.03796077330472846,-0.010504159570961537,1.0,-0.039646374928809514,-0.06546563599135814,-0.009027284404999506,-0.011544101093607637,0.014425741542364538,-0.026224432031670977,0.007663603236164867,-0.13975303063041847,-0.07672291686852799,0.024388796962926423,-0.01744114124854628,-0.004548120208051062,0.07081747069717495,-0.004228508889399128,-0.08300956291150059,-0.020256224374432443,-0.05487198617115188,0.007320746372857503,-0.05743240327456941,-0.024677721621286324,-0.05349180682137736,-0.03671507225650067,-0.01952266900067728,-0.05789659178857993,0.016343481333048426,-0.1273797823940586,-0.00437901546290885,-0.014947668325339553,-0.0663016463805643
Brown_Hair,-0.012293652826362996,0.017850111815830325,0.1320692368263602,-0.046492166547245306,-0.07674061872652899,0.06945000028105151,-0.015360880132011099,-0.13321005746707107,-0.2523977367771423,-0.1697697867770872,-0.039646374928809514,1.0,-0.0641937497587211,-0.09325408811359372,-0.0794802568919843,-0.07757884611868358,-0.06572444482839515,-0.10309056294714226,0.09051330088346925,0.022394242312437782,-0.11248191920412529,-0.007485647871463136,-0.06928043893968616,-0.02278100863797374,0.07835305789341826,0.04624948723726159,-0.01611978860329026,0.046653800815290775,-0.10093294513456463,0.012027624948377828,-0.03473704115822517,0.023407272651221635,-0.016089453857534304,0.15380234883251684,0.0013742253859997733,-0.0984434885733347,0.10064179690084367,-0.004242277638210679,-0.07271680511852611,0.10275092664890158
Bushy_Eyebrows,0.21796443211799044,-0.01804639836446836,0.04228251734103856,0.10706615949236709,-0.020175528485072185,-0.07255249986960617,0.020804364866793868,0.14116216571612444,0.257973930983276,-0.15012297408060687,-0.06546563599135814,-0.0641937497587211,1.0,-0.0038289387572255406,-0.0012569992296957706,-0.07416021108489729,0.10886870743835339,-0.05120437422879853,-0.12593100409592312,-0.0493656619542479,0.24706620263955598,-0.03250237897137734,0.1048545781811496,0.013300209181097457,-0.20265195598317323,0.01845348255018056,-0.02216940377332474,-0.013897097260619544,-0.03228202416609937,-0.031083949422606633,0.12843995612078832,-0.002923654730799272,0.07403000070543467,-0.0616354509080188,-0.07620666460740112,-0.019798576252815215,-0.17172103066736838,-0.07113517765373473,0.06355241071538299,0.08519415638198227
Chubby,-0.010260168665307557,-0.08942313790549229,-0.23687671161269186,0.15728646857906284,0.22364681166050954,-0.0841367926913446,0.007810837738474646,0.3143166122482133,0.009766142544067099,-0.08981627144776555,-0.009027284404999506,-0.09325408811359372,-0.0038289387572255406,1.0,0.5337134234432925,0.17130022046109838,0.16163550449003425,0.21116904901644165,-0.16562530588764243,0.03689310933301646,0.23048566908799514,0.02551867045915559,0.18355416635113356,0.04328607526246476,-0.16941517240704468,-0.018745334172287114,-0.034272425781950215,-0.12356825195180139,0.18696463358785503,-0.04331548410642289,0.11571871416259048,0.03602647214271393,-0.03316081077173461,-0.09707364845067044,-0.05583623499439775,0.058993796248250595,-0.1935143440909725,-0.04879383876968492,0.1956895293362294,-0.2947410722166884
Double_Chin,0.002811279364513259,-0.07813269160745986,-0.2089814151368302,0.19620703721298108,0.21287389260979211,-0.06953060371596462,-0.00955873900519188,0.29842612048034883,-0.027752893372434195,-0.07674892913448508,-0.011544101093607637,-0.0794802568919843,-0.0012569992296957706,0.5337134234432925,1.0,0.1490643928777223,0.06996566841145674,0.25291822853073215,-0.1486199932727877,0.07455412594856461,0.2075138648875455,0.07000442240344662,0.12053105881116677,0.058402430532099515,-0.08896807124807972,-0.046776111152776495,-0.029454195562346536,-0.0912532796703499,0.18714886794220162,-0.02848137007309031,0.027910997384929425,0.10010561428829638,-0.027319097360843196,-0.08307528688791749,-0.05337494411536978,0.03133614623137744,-0.16991525974882404,-0.03912246339448578,0.22517564901806658,-0.30980948662124264
Eyeglasses,0.0073059007306256925,-0.1489229926558585,-0.2227007500666048,-0.04239650633339961,0.10938318969767837,-0.05900467478624492,-0.05052180166154846,0.13955455275365475,-0.016150811148786266,-0.0808687250906201,0.014425741542364538,-0.07757884611868358,-0.07416021108489729,0.17130022046109838,0.1490643928777223,1.0,0.08503305299129049,0.1625079175148901,-0.19561920086517157,-0.0944139669723123,0.20205705607675994,-0.006239430945919059,0.09272098462267828,-0.04080861547395536,-0.10671550343445937,-0.06057633330682942,-0.029956912236874026,-0.1005433170933565,0.08383477992199981,-0.06684995540938467,0.04699606489422975,-0.0423605430892759,-0.017802076212682212,-0.09511153440994206,-0.08153598598607033,0.07095587158462875,-0.2076779794825423,-0.04552253670390413,0.1311725790063367,-0.22478078177336885
Goatee,0.14386046163373475,-0.11279538367018818,-0.1466129449186826,0.09543404239610188,0.1152198047235224,-0.08560248531055147,0.019088221262379936,0.19417225435138877,0.05899202429464788,-0.10252229726738869,-0.026224432031670977,-0.06572444482839515,0.10886870743835339,0.16163550449003425,0.06996566841145674,0.08503305299129049,1.0,0.0025952406347830347,-0.20520638245550063,-0.10785619535415301,0.30560189995813086,-0.05849059482104173,0.45053991253576303,-0.009067943183715708,-0.5700706786640389,-0.021169878914250255,-0.04287364203716264,-0.07767770592384035,0.06598638732901316,-0.06732098489557492,0.5128933533596131,-0.07518894525775269,-0.04269109289842647,-0.10485580614653434,-0.10248835725089268,0.08697884730941036,-0.24435715147927323,-0.07787415355770727,0.06821178558405601,-0.10651300592481709
Gray_Hair,-0.0438320888498035,-0.09918134923826509,-0.20179565984610545,0.1716519979441225,0.15130424336326434,-0.06160135641689082,-0.08819081029887951,0.19575021874006354,-0.11677131577623646,-0.05171003747652034,0.007663603236164867,-0.10309056294714226,-0.05120437422879853,0.21116904901644165,0.25291822853073215,0.1625079175148901,0.0025952406347830347,1.0,-0.14535819355218632,-0.0004605919869983123,0.18442400323203625,0.009131807647717868,0.034906211729125856,0.013679620547848825,-0.01121860182258208,-0.0587360827272774,-0.0099589521621017,-0.05922376271698392,0.2545202419949264,-0.03940257629367258,0.006580633496568294,0.009746225130222403,-0.010438812807815272,-0.08548244419113296,-0.05469959390290489,-0.03633034581399441,-0.16103051240027555,-0.041242045196832104,0.24396267760903464,-0.3644663915875823
Heavy_Makeup,-0.2805848833839102,0.43964488619771175,0.4770835687773381,-0.2933191844909645,-0.12023548965576301,0.12041628828499806,0.14655123532784559,-0.2784791437742603,-0.049240211922221284,0.24663946352153865,-0.13975303063041847,0.09051330088346925,-0.12593100409592312,-0.16562530588764243,-0.1486199932727877,-0.19561920086517157,-0.20520638245550063,-0.14535819355218632,1.0,0.2721352160494484,-0.6667240920674495,0.10308361612046893,-0.16529556062549994,-0.03960681009889856,0.3512560032390017,0.21340327848837207,0.0453580302812682,0.2631504491904953,-0.10778822702101999,0.3028148569436064,-0.19433646843173125,0.17662678335119192,-0.06775771541932679,0.3233026286791562,0.3531068142804775,-0.1406758661549034,0.8015389750234314,0.2035999569678515,-0.22187840990174765,0.24349932809142946
High_Cheekbones,-0.16053575702337164,0.156242317277101,0.14909515200844037,0.07287314220540084,-0.0022772030682977167,0.052969708564710026,0.04516497181296316,0.0587570964029984,0.008496273514948386,0.12080380691263183,-0.07672291686852799,0.022394242312437782,-0.0493656619542479,0.03689310933301646,0.07455412594856461,-0.0944139669723123,-0.10785619535415301,-0.0004605919869983123,0.2721352160494484,1.0,-0.25016187273799734,0.4196473965610267,-0.08911146815426672,0.05280609677368698,0.18945415729766624,0.21366752506930053,-0.08131584539517564,0.06040624033678967,0.027448221303931243,0.2491734797160454,-0.13477371527349327,0.6834966781842956,-0.018775002762967116,0.11559925513406313,0.23437638032589989,-0.0865700426710297,0.28428144715640086,0.12340957575457667,-0.04662741624915758,-0.016649612493995714
Male,0.4176698187096008,-0.40801553757219194,-0.3944512265098151,0.3010769570877744,0.1781007415075816,-0.16326434949677718,-0.1674720395237183,0.36927469871924296,0.1162788170742809,-0.3029876459425974,0.024388796962926423,-0.11248191920412529,0.24706620263955598,0.23048566908799514,0.2075138648875455,0.20205705607675994,0.30560189995813086,0.18442400323203625,-0.6667240920674495,-0.25016187273799734,1.0,-0.09960350604047087,0.24614694370936868,0.013785742757093251,-0.5222434104549417,-0.1203423232056594,-0.07753755356205534,-0.21720031438269607,0.1173885148371073,-0.21393381573940246,0.289045604488649,-0.1383664797747884,0.07086005899692217,-0.32398295068649163,-0.3734689530672764,0.1295767252888394,-0.7894345622029303,-0.27057785840647675,0.32992763497542854,-0.2840249128266918
Mouth_Slightly_Open,-0.0664926968292501,0.06692319414235604,0.0214645230517126,0.058761395650526856,-0.00047654876858896236,0.009486179240122322,0.0489731149869503,0.05940751684113435,-0.023168304098564893,0.07010630574642382,-0.01744114124854628,-0.007485647871463136,-0.03250237897137734,0.02551867045915559,0.07000442240344662,-0.006239430945919059,-0.05849059482104173,0.009131807647717868,0.10308361612046893,0.4196473965610267,-0.09960350604047087,1.0,-0.05573508163237493,0.11446276487689751,0.08552058338672848,0.0920361776857371,-0.061157108998000004,0.003055772262639061,0.029649901021204097,0.1343755505112983,-0.07497587848865603,0.5363788553515276,-0.014306070335649183,0.040010816099853255,0.1302316739275369,0.0034821817916761357,0.10435669604509097,0.07977408387441146,-0.024148488778684134,-0.01424564882403284
Mustache,0.09212331966379221,-0.08634077804788755,-0.14018181000420146,0.10995202062159168,0.0796721091954661,-0.06744505169908363,0.031483903188369126,0.20788206303581439,0.06384771135335049,-0.08572543731093554,-0.004548120208051062,-0.06928043893968616,0.1048545781811496,0.18355416635113356,0.12053105881116677,0.09272098462267828,0.45053991253576303,0.034906211729125856,-0.16529556062549994,-0.08911146815426672,0.24614694370936868,-0.05573508163237493,1.0,0.00858554769813578,-0.4525952792650868,-0.052795136511896976,-0.033854858372546356,-0.0631036935637228,0.06732772715849508,-0.05262353365154245,0.3362969622297321,-0.06725739896549655,-0.026133076758231344,-0.08395922695300508,-0.07937686428432274,0.07914742503479275,-0.1967215979393791,-0.05754606351734783,0.1028737611117954,-0.137098404407735
Narrow_Eyes,0.011281904004446605,0.024174735859592143,-0.07388222680354105,0.10685564718921123,0.012362467344414306,0.013017897367207699,0.1135767566397282,0.07016518378546792,-0.010999878414752142,-0.001415351899123571,0.07081747069717495,-0.02278100863797374,0.013300209181097457,0.04328607526246476,0.058402430532099515,-0.04080861547395536,-0.009067943183715708,0.013679620547848825,-0.03960681009889856,0.05280609677368698,0.013785742757093251,0.11446276487689751,0.00858554769813578,1.0,-0.002345673578045719,-0.09359259442337824,-0.0028150671659417665,-0.04377480063581017,0.023047949987601218,-7.514527482758068e-05,-0.000156491010966096,0.07896066870342389,0.003700277937454558,0.022311093836580177,0.008041514973177595,-0.012135772409620564,-0.02513345104983808,0.03099708692019247,0.010160970369098327,-0.03331798951680083
No_Beard,-0.5269455394306891,0.20272381632875178,0.1976553171620699,-0.1465388129329115,-0.11565762840283418,0.1324292453135895,0.022776701639420704,-0.25379956820654465,-0.09867479109589612,0.17066607748582557,-0.004228508889399128,0.07835305789341826,-0.20265195598317323,-0.16941517240704468,-0.08896807124807972,-0.10671550343445937,-0.5700706786640389,-0.01121860182258208,0.3512560032390017,0.18945415729766624,-0.5222434104549417,0.08552058338672848,-0.4525952792650868,-0.002345673578045719,1.0,0.06182064238276464,0.06165873336215036,0.09668923627841339,-0.055604121716005185,0.11261328795443808,-0.5430610975446213,0.11277418880467495,0.02203599255918728,0.16031761138092132,0.1860918823700844,-0.11952649555698437,0.41851570058360993,0.1396036529349284,-0.11716960787411786,0.1186172073848292
Oval_Face,-0.08533679549093062,-0.01344004118236533,0.1939386764039467,-0.13591230194726764,0.010787740398763873,0.0016255850781785952,-0.11226276581631717,-0.1059093032765402,0.031887418976373844,0.04994636208806263,-0.08300956291150059,0.04624948723726159,0.01845348255018056,-0.018745334172287114,-0.046776111152776495,-0.06057633330682942,-0.021169878914250255,-0.0587360827272774,0.21340327848837207,0.21366752506930053,-0.1203423232056594,0.0920361776857371,-0.052795136511896976,-0.09359259442337824,0.06182064238276464,1.0,-0.03640124659289016,0.012327823174616281,-0.006163632755962544,0.11932152529794277,-0.049204749983496436,0.20581796453416662,0.004201601311900889,0.03810244035037749,0.07540717904703184,-0.04615990888847558,0.15735968640412884,-0.05728163005842888,-0.05247201550261743,0.11271807929881479
Pale_Skin,-0.04027923001155963,0.04771459315087554,0.08605100616657921,-0.03289152811461896,-0.023221664202734336,0.04216963547865838,0.03933683773459772,-0.05117742938211641,-0.03867524217675718,0.0581633211692096,-0.020256224374432443,-0.01611978860329026,-0.02216940377332474,-0.034272425781950215,-0.029454195562346536,-0.029956912236874026,-0.04287364203716264,-0.0099589521621017,0.0453580302812682,-0.08131584539517564,-0.07753755356205534,-0.061157108998000004,-0.033854858372546356,-0.0028150671659417665,0.06165873336215036,-0.03640124659289016,1.0,0.007610125391800526,-0.02948585150910302,-0.044098941708829935,-0.03950733971610156,-0.07062856908505856,0.015806247644835764,0.022578053124884114,-0.01902137142263405,-0.016286818344885327,0.06497312913270602,0.0003754042986261545,-0.02894262087137113,0.043501662253175324
Pointy_Nose,-0.024304779055487547,0.153056830437381,0.22829221676473174,-0.11398632618325923,-0.05563639622265057,0.010973112949963885,0.052645612637446375,-0.1586333781437302,-0.0466228692854789,0.11543879704644333,-0.05487198617115188,0.046653800815290775,-0.013897097260619544,-0.12356825195180139,-0.0912532796703499,-0.1005433170933565,-0.07767770592384035,-0.05922376271698392,0.2631504491904953,0.06040624033678967,-0.21720031438269607,0.003055772262639061,-0.0631036935637228,-0.04377480063581017,0.09668923627841339,0.012327823174616281,0.007610125391800526,1.0,-0.050953225939552496,0.17305287309178513,-0.04986531217430808,0.04274020299044096,-0.016835032637896888,0.13629316821175602,0.10731223530440068,-0.07695203965259752,0.2552715381046411,0.06478866553463651,-0.05885478432009206,0.09103896701011736
Receding_Hairline,-0.022273374489259163,-0.016768415533913575,-0.17867676005129213,0.11703174889758422,0.14023573906527706,-0.12424930616548734,0.02096283645887843,0.20242743995506418,-5.486096733598079e-07,-0.07043709365819456,0.007320746372857503,-0.10093294513456463,-0.03228202416609937,0.18696463358785503,0.18714886794220162,0.08383477992199981,0.06598638732901316,0.2545202419949264,-0.10778822702101999,0.027448221303931243,0.1173885148371073,0.029649901021204097,0.06732772715849508,0.023047949987601218,-0.055604121716005185,-0.006163632755962544,-0.02948585150910302,-0.050953225939552496,1.0,-0.02464619273218285,0.020087707583109137,0.026399930566551596,-0.05693364525389956,-0.11517340051964704,0.012258165262264323,-0.06500484747863716,-0.12446407446351512,-0.036529047333513344,0.15474014983772363,-0.1915743838677218
Rosy_Cheeks,-0.09010690207065199,0.22442244489046842,0.16386681207680878,-0.09396336065164163,-0.0373630041410099,0.060976854124866586,0.07676689963652455,-0.055323450791570396,-0.03980921324899191,0.14155754918450647,-0.05743240327456941,0.012027624948377828,-0.031083949422606633,-0.04331548410642289,-0.02848137007309031,-0.06684995540938467,-0.06732098489557492,-0.03940257629367258,0.3028148569436064,0.2491734797160454,-0.21393381573940246,0.1343755505112983,-0.05262353365154245,-7.514527482758068e-05,0.11261328795443808,0.11932152529794277,-0.044098941708829935,0.17305287309178513,-0.02464619273218285,1.0,-0.06283941822577287,0.22101034487603494,-0.02848711190113782,0.13062637578740435,0.2153218137097776,-0.0513199538140621,0.2663473768865504,0.13821529797817747,-0.06683009562270414,0.042709164995535134
Sideburns,0.2593703036700353,-0.11600114654252977,-0.10022852596089421,0.10041138363664533,0.05859892106083492,-0.07334143189902223,-0.03973949623257291,0.13166739901007793,0.0432314452145257,-0.09603877940090781,-0.024677721621286324,-0.03473704115822517,0.12843995612078832,0.11571871416259048,0.027910997384929425,0.04699606489422975,0.5128933533596131,0.006580633496568294,-0.19433646843173125,-0.13477371527349327,0.289045604488649,-0.07497587848865603,0.3362969622297321,-0.000156491010966096,-0.5430610975446213,-0.049204749983496436,-0.03950733971610156,-0.04986531217430808,0.020087707583109137,-0.06283941822577287,1.0,-0.08056871837677419,-0.01984077086585889,-0.07232470837821046,-0.11227351708561577,0.06750978965081739,-0.23146713456716264,-0.0805739504847386,0.060381182311080694,-0.08990650223612517
Smiling,-0.06777677605421276,0.09383362144743763,0.14784477617433023,0.11275859483856161,0.009401914166033969,0.05246853926262711,0.012884748245434455,0.10088835873941163,-0.0025330253171078243,0.09020884003576647,-0.05349180682137736,0.023407272651221635,-0.002923654730799272,0.03602647214271393,0.10010561428829638,-0.0423605430892759,-0.07518894525775269,0.009746225130222403,0.17662678335119192,0.6834966781842956,-0.1383664797747884,0.5363788553515276,-0.06725739896549655,0.07896066870342389,0.11277418880467495,0.20581796453416662,-0.07062856908505856,0.04274020299044096,0.026399930566551596,0.22101034487603494,-0.08056871837677419,1.0,0.005632645973924542,0.07501483324552695,0.1702552031954008,-0.06399011566282102,0.1816310851077031,0.08900295658902091,-0.0022447267818396922,-0.0331963785884802
Straight_Hair,0.05226018966312217,-0.05448590729764784,0.04155000104384774,0.024208312177058364,-0.07191968011754721,0.020033864510074814,-0.0371443171015181,-0.02883650926432045,0.1124960625234078,0.005458176324219887,-0.03671507225650067,-0.016089453857534304,0.07403000070543467,-0.03316081077173461,-0.027319097360843196,-0.017802076212682212,-0.04269109289842647,-0.010438812807815272,-0.06775771541932679,-0.018775002762967116,0.07086005899692217,-0.014306070335649183,-0.026133076758231344,0.003700277937454558,0.02203599255918728,0.004201601311900889,0.015806247644835764,-0.016835032637896888,-0.05693364525389956,-0.02848711190113782,-0.01984077086585889,0.005632645973924542,1.0,-0.3214524875135391,-0.07586613009615974,-0.10430365936511515,-0.060225692574736256,-0.03163587990930113,0.078708457403507,0.05315064602291932
Wavy_Hair,-0.12425022011690957,0.2008353336284324,0.21499212447114519,-0.12712767603808545,-0.10348189791869793,0.06816621721224171,0.12018952938379245,-0.1318430091013044,-0.08522678004421046,0.12839999745625233,-0.01952266900067728,0.15380234883251684,-0.0616354509080188,-0.09707364845067044,-0.08307528688791749,-0.09511153440994206,-0.10485580614653434,-0.08548244419113296,0.3233026286791562,0.11559925513406313,-0.32398295068649163,0.040010816099853255,-0.08395922695300508,0.022311093836580177,0.16031761138092132,0.03810244035037749,0.022578053124884114,0.13629316821175602,-0.11517340051964704,0.13062637578740435,-0.07232470837821046,0.07501483324552695,-0.3214524875135391,1.0,0.11747031289856834,-0.12153170463508105,0.35930486174239,0.12936687712528946,-0.14238094984999972,0.08984023871164959
Wearing_Earrings,-0.161910908926699,0.2947790712129952,0.12434944077176152,-0.09696871676533138,-0.06121062011643183,0.05820290062362953,0.12652349854965947,-0.05802935495773906,0.0023476393995867924,0.09500487891265942,-0.05789659178857993,0.0013742253859997733,-0.07620666460740112,-0.05583623499439775,-0.05337494411536978,-0.08153598598607033,-0.10248835725089268,-0.05469959390290489,0.3531068142804775,0.23437638032589989,-0.3734689530672764,0.1302316739275369,-0.07937686428432274,0.008041514973177595,0.1860918823700844,0.07540717904703184,-0.01902137142263405,0.10731223530440068,0.012258165262264323,0.2153218137097776,-0.11227351708561577,0.1702552031954008,-0.07586613009615974,0.11747031289856834,1.0,-0.05148893279534936,0.36660388969405955,0.19302839149263964,-0.12893559816918942,0.030101356155143102
Wearing_Hat,0.03399711771863623,-0.09997984957268573,-0.13863631500080756,-0.005725713428230399,-0.030624997368129615,-0.0799392042461276,-0.01328570512752863,0.06555243307058609,-0.1036049172266748,-0.08337311952169445,0.016343481333048426,-0.0984434885733347,-0.019798576252815215,0.058993796248250595,0.03133614623137744,0.07095587158462875,0.08697884730941036,-0.03633034581399441,-0.1406758661549034,-0.0865700426710297,0.1295767252888394,0.0034821817916761357,0.07914742503479275,-0.012135772409620564,-0.11952649555698437,-0.04615990888847558,-0.016286818344885327,-0.07695203965259752,-0.06500484747863716,-0.0513199538140621,0.06750978965081739,-0.06399011566282102,-0.10430365936511515,-0.12153170463508105,-0.05148893279534936,1.0,-0.15982646169124737,-0.039286350592343304,-0.029115434119255077,-0.036161092458442505
Wearing_Lipstick,-0.3339210398015791,0.46040855202104114,0.48010422546541015,-0.28405193921052035,-0.14285193735877288,0.16337756134800155,0.1952121091986248,-0.3036510872469489,-0.06685553264567878,0.28193507378988053,-0.1273797823940586,0.10064179690084367,-0.17172103066736838,-0.1935143440909725,-0.16991525974882404,-0.2076779794825423,-0.24435715147927323,-0.16103051240027555,0.8015389750234314,0.28428144715640086,-0.7894345622029303,0.10435669604509097,-0.1967215979393791,-0.02513345104983808,0.41851570058360993,0.15735968640412884,0.06497312913270602,0.2552715381046411,-0.12446407446351512,0.2663473768865504,-0.23146713456716264,0.1816310851077031,-0.060225692574736256,0.35930486174239,0.36660388969405955,-0.15982646169124737,1.0,0.2658412266334344,-0.2638918007358737,0.25182325233567826
Wearing_Necklace,-0.11623895483535326,0.2201839024023903,0.06873777026680906,-0.052964101877451715,-0.050444817788954745,0.11445380497110068,0.14989224466885828,-0.03593048546476728,-0.04253878354658822,0.14357723573712233,-0.00437901546290885,-0.004242277638210679,-0.07113517765373473,-0.04879383876968492,-0.03912246339448578,-0.04552253670390413,-0.07787415355770727,-0.041242045196832104,0.2035999569678515,0.12340957575457667,-0.27057785840647675,0.07977408387441146,-0.05754606351734783,0.03099708692019247,0.1396036529349284,-0.05728163005842888,0.0003754042986261545,0.06478866553463651,-0.036529047333513344,0.13821529797817747,-0.0805739504847386,0.08900295658902091,-0.03163587990930113,0.12936687712528946,0.19302839149263964,-0.039286350592343304,0.2658412266334344,1.0,-0.10439263876600734,0.014685031818049584
Wearing_Necktie,0.09789901765586655,-0.13282123686441905,-0.15641992739686542,0.19698042700617815,0.17650090510936606,-0.09291946549083883,-0.06777044674977575,0.20501379479256399,0.02318442295268755,-0.10637710654703979,-0.014947668325339553,-0.07271680511852611,0.06355241071538299,0.1956895293362294,0.22517564901806658,0.1311725790063367,0.06821178558405601,0.24396267760903464,-0.22187840990174765,-0.04662741624915758,0.32992763497542854,-0.024148488778684134,0.1028737611117954,0.010160970369098327,-0.11716960787411786,-0.05247201550261743,-0.02894262087137113,-0.05885478432009206,0.15474014983772363,-0.06683009562270414,0.060381182311080694,-0.0022447267818396922,0.078708457403507,-0.14238094984999972,-0.12893559816918942,-0.029115434119255077,-0.2638918007358737,-0.10439263876600734,1.0,-0.2524022932220257
Young,0.014869441063654417,0.14679843223146666,0.3877350707563322,-0.23075939034058682,-0.19625270491211236,0.01769453971564748,0.10772246583593864,-0.28438154925518055,0.12137208839694329,0.05240183411339013,-0.0663016463805643,0.10275092664890158,0.08519415638198227,-0.2947410722166884,-0.30980948662124264,-0.22478078177336885,-0.10651300592481709,-0.3644663915875823,0.24349932809142946,-0.016649612493995714,-0.2840249128266918,-0.01424564882403284,-0.137098404407735,-0.03331798951680083,0.1186172073848292,0.11271807929881479,0.043501662253175324,0.09103896701011736,-0.1915743838677218,0.042709164995535134,-0.08990650223612517,-0.0331963785884802,0.05315064602291932,0.08984023871164959,0.030101356155143102,-0.036161092458442505,0.25182325233567826,0.014685031818049584,-0.2524022932220257,1.0
